nodes,time
32,0.000002
64,0.000002
128,0.000003
256,0.000003
512,0.000006
1024,0.000009
2048,0.000010
4096,0.000159
