nodes,time
32,0.000002
64,0.000002
128,0.000003
256,0.000007
512,0.000009
1024,0.000011
2048,0.000011
4096,0.000009
