nodes,time
32,0.000001
64,0.000001
128,0.000002
256,0.000003
512,0.000008
1024,0.000008
2048,0.000052
4096,0.000008
