nodes,time
32,0.000051
64,0.000247
128,0.000384
256,0.001676
512,0.012293
1024,0.087855
2048,0.323071
4096,1.115163
