nodes,time
32,0.000043
64,0.000100
128,0.000312
256,0.001126
512,0.016148
1024,0.029178
2048,0.381712
4096,1.345598
