nodes,time
32,0.000082
64,0.000164
128,0.000380
256,0.001906
512,0.009296
1024,0.041073
2048,0.231086
4096,1.296230
