nodes,time
32,0.000045
64,0.000060
128,0.000160
256,0.000583
512,0.007117
1024,0.029972
2048,0.075385
4096,0.462114
