nodes,time
32,0.000138
64,0.002662
128,0.007165
256,0.043349
512,0.947146
1024,6.600916
2048,45.518880
4096,310.350129
