nodes,time
32,0.000110
64,0.000159
128,0.001029
256,0.002377
512,0.014803
1024,0.049284
2048,0.215191
4096,0.162123
